JobLink,JobTitle,CompanyName,TimePosted,JobLocation
https://in.indeed.com/pagead/clk?mo=r&ad=-6NYlbfkN0CDHrnzcWy2E2Fjasf1jA9ZsMwPZbzDmoUJmEds5VEDdysPFHShWYYLVOQBfIzS0IRV29OvA1TFpn218HBY1s6xOEf7-KDyMZy-dbvzt9YuXBdfn0k9H13UreSUOBh-ZTEeKWHPvw0iGSDvdb1SafBpkiqgsCCB36IeIaLre3tlUu55tUV5BmGxmlcQooFnnctVpQ2vGjdlrZgDgveO6fjo1fO6LtvY8ilCNNQPPNzMoaK-pO6QZJ0ZgTC6ZwkuRwtKzYZag1Z2eZTy1pbz8fS51mun5NOWxRnOhU10h9h3u08sXs01M27BnP5EG8sl4oI_NII_voGxoHpbtNxKaYXctlIdg0tTYcAsTBaxqNeEXaidkSb9hppEdj1wT8lL_aSjGpHyvXSwWHp2p4UTz8ITi0SA38q5PZlY3D0l7CYpvAIxnbZWH38Xv8KKXspHKAcdeYX71grlwjgA3ugPVhMsZcrO06aT6cc01mWoCiG68WBknSW70WCNja1XPIqrthFNjyDd04sa7T9A-FOdRNtYRJtvRjgTfrMdemamK4QGaw==&p=0&fvj=0&vjs=3,newFront End Developer - FlexTCA,FlexTrade,3 days ago,"Pune, Maharashtra"
https://in.indeed.com/pagead/clk?mo=r&ad=-6NYlbfkN0C85OZK4fL7BuEbRg1IHA7HGUdO4Xw6Ku8sQdVhq9dsQ69rPoND_vrCQOcLIknoup1GxurVRaf9ikVflSxCGvtrcmykVfPPhZM9tFUbhPupKYXTUVnzbvhT5d6WmPbzw8wXjsKV34_81lm2MyQsezBm1s8LQoA55RQEoenEstvQ_W1gaFBeKPghapZsvXMejlMG7NQ48qjjE5knlVUW8Y2T50AG95KP3Es-lzITf-e04yqT1i5CJCGg2VYn54y_qlN1y-QU8ubqq_uDz90sq0o_CuOTmrE_pZuCpMAtkMZJGC2U1irAM4Wl5RMEVQcICns0XMpDkgD58yeJbytReQ6xs4-oENpXqz5xnd9h8PiUQMZD7YoCZcXbCYNZwYFaSGQe8aCDexTRxIHjTH7TAbgXYKk6pjNf0mEqVcr0w7QAWaUuUOKGn5LtUWeMPRb7l_s3lDxppMnSxskA2iFEtoCMehD-VX6l2z4=&p=1&fvj=1&vjs=3,newHTML Developer,Excytech,Today,"Ernakulam, Kerala\xe2\x80\xa2Remote"
https://in.indeed.com/pagead/clk?mo=r&ad=-6NYlbfkN0DwyMpK-4ZLaNGWtkeGaM7rnstFUdrCjLVboZt4zffVn9j7I9U1n0rNUYWZtQK9Y1q0GBklUEzGsWp7lS7XYJy9mDZyFbILLBOWgGS17H4akwaxQnk31IJuOVT4qgQWwlUdMNssOOIcFl_9jlNrgRjF8iSPBm9OaHKKMJx2DVe3R1jgOpmKu9lsJFLRFu_3KTqxhCFyn8PEr7qU3gsxgx_PJFZr5cz7HMjmXMezb9VD3Zlp1brbGmlqarwlOoSkWANkpAP5gw4KCypmRWWTwn7Lxx97fc1h6-tk00lQhiLwSH3Qpf9rQqs5tJNjkbANUA1bY9ShIkU5IBb2MystllI_tOvC8DMpjMgo7JuEUvdiWxK8tCTyXjTxmkp6PASam91B0P23avEGKD8bLIvSkQnMai34H3Ho1QjG6qsYuocx21v2ZIrYKgttXnFPbvZ-Uj9wjKBz3IR_AST2Ad_Mi2zy062Unq1PD9zPXZGCAY4jbBeN11apJCEA0aFAbbjAR2M=&p=2&fvj=1&vjs=3,Opportunity for Front End Developer,All Blue Infotech,30+ days ago,"Bengaluru, Karnataka"
https://in.indeed.com/rc/clk?jk=f6340e20a8decbd9&fccid=b8df1dd8a8cec170&vjs=3,newFrontend Developer,Upwork,2 days ago,"Bengaluru, Karnataka\xe2\x80\xa2Remote"
https://in.indeed.com/pagead/clk?mo=r&ad=-6NYlbfkN0B6d6DFA7oUGK-9NZuzrqImqaVd0LXqViQxrN-2rqTP1Eie1Hp7q635LKoPGcPvxlPIyF1p1wSoEFOiWl5dK7HGHplMoSoxk5AQMNxT8_h0fnl4DB5tQ3XfNWXckC73XYtBpzfq8SlFTHP7oPhT-WuwPrlcCzkQ4cLS9Clv2jy02dsj5xWe7Fibyckyx-RLfDsvo_1wpJY-uLSLWVONcW49OQu-RQ5ylKNREGHy6IwVbzotxyOBsgO-p-2wFLbhIQaJX8F8ntm1c9Xfje-nm15zncGwxM2LWaSrSXUKONV0ve6TEsurxAPGOOQbagfttj_TT_mCVMLPOk2ZmitHE8JahYeyalPIMsOm5TdyEC37pyRW5OVBP6fDRJKAolnFuD1bygbkhOQDqBcje3q7x0E3_MNS6d1TcwD8qiLK8i0AwOWqGDvongOk3RzxZnMbsZQ-qOjyThlt67pB1IBYFm27tDtCSagpkUGUs3BMPUS8aA==&p=4&fvj=1&vjs=3,Front End Developer,Linx Systems PVT LTD,10 days ago,"Jamnagar, Gujarat\xe2\x80\xa2Remote"
https://in.indeed.com/rc/clk?jk=5413dc83f1d2c37c&fccid=5e964c4afc56b180&vjs=3,Associate - Frontend Developer,PwC,17 days ago,"Pune, Maharashtra"
https://in.indeed.com/rc/clk?jk=422029abe5bc2af2&fccid=de71a49b535e21cb&vjs=3,newFrontend Developer,IBM,1 day ago,"Bengaluru, Karnataka\xe2\x80\xa2Remote"
https://in.indeed.com/rc/clk?jk=0eb970f76f636227&fccid=239b2c50421da0c8&vjs=3,newFront End Developer,J2 Cloud Services,2 days ago,"Pune, Maharashtra"
https://in.indeed.com/rc/clk?jk=1649f2626f49c58d&fccid=9aa259ccabb02fcf&vjs=3,newFrontend Developer: Junior-Mid Immediate Joiner,Netcentric,5 days ago,"Pune, Maharashtra"
https://in.indeed.com/rc/clk?jk=2343009f917a43c0&fccid=3b89b9ec324f96c8&vjs=3,"newAngular Frontend Developer (3 - 6 Years), Pune",Siemens,1 day ago,"Pune, Maharashtra"
https://in.indeed.com/rc/clk?jk=c208cc0dc06b643e&fccid=97c7cb5011215c7b&vjs=3,newFrontend Developer,Confer Global,Just posted,"Pune, Maharashtra"
https://in.indeed.com/rc/clk?jk=bc472629fc6b531d&fccid=daf3b8cb715bc785&vjs=3,Frontend Developer,Keywordio,30+ days ago,"Pune, Maharashtra\xe2\x80\xa2Remote"
https://in.indeed.com/rc/clk?jk=40ab08d34cc89976&fccid=105ecfd0283f415f&vjs=3,newPython Developer | 2 to 4 years | Bengaluru & Pune,Capgemini,2 days ago,"Bengaluru, Karnataka"
https://in.indeed.com/rc/clk?jk=b5ee60788dfe6b8b&fccid=3b89b9ec324f96c8&vjs=3,newFront-End Developer - JavaScript,Siemens,1 day ago,"Pune, Maharashtra"
https://in.indeed.com/rc/clk?jk=3d04a42acf0f8a9e&fccid=4d8870a308e0af55&vjs=3,Junior Front-end Developer,Neosoft Technologies Pvt.Ltd,14 days ago,"Pune, Maharashtra+3 locations"
https://in.indeed.com/rc/clk?jk=3d04a42acf0f8a9e&fccid=4d8870a308e0af55&vjs=3,Junior Front-end Developer,Neosoft Technologies Pvt.Ltd,14 days ago,"Pune, Maharashtra+3 locations"
https://in.indeed.com/company/Orchid-Software-Services-Pvt-Ltd/jobs/Front-End-Developer-0d03fecd00cc0756?fccid=26273b23c7302c52&vjs=3,newFront End Developer,Orchid Software Services Pvt Ltd,Just posted,"Mumbai, Maharashtra\xe2\x80\xa2Remote"
https://in.indeed.com/rc/clk?jk=3a7d84e9fce223c0&fccid=0911e936658e28ef&vjs=3,FrontEnd Developer,Walstar Technologies,30+ days ago,"Kolhapur, Maharashtra"
https://in.indeed.com/rc/clk?jk=32cd61dcc540cb27&fccid=4faf342d2307e9ed&vjs=3,FRONTEND DEVELOPER,Harman International,15 days ago,"Gurgaon, Haryana+1 location"
https://in.indeed.com/rc/clk?jk=6b692d982a07e57f&fccid=de71a49b535e21cb&vjs=3,newApplication Developer: Java & Web Technologies,IBM,1 day ago,"Pune, Maharashtra+7 locations"
https://in.indeed.com/rc/clk?jk=b96354e6659cb7ba&fccid=2d5aa2e3bbae15db&vjs=3,Frontend Developer,Tickled Media,25 days ago,"Andheri, Mumbai, Maharashtra"
https://in.indeed.com/rc/clk?jk=f03de800f6afbfdb&fccid=4faf342d2307e9ed&vjs=3,UI DEVELOPER,Harman International,15 days ago,"Pune, Maharashtra+2 locations"
https://in.indeed.com/company/Steinn-Labs-LLP/jobs/Junior-Python-Developer-f988446c202e01b5?fccid=49b5f1ba6198b4f8&vjs=3,newJunior Python Developer,Steinn Labs LLP,4 days ago,"Pune, Maharashtra\xe2\x80\xa2Temporarily Remote"
https://in.indeed.com/rc/clk?jk=d2304c6a12521ba0&fccid=63c4bf7a8a0acb73&vjs=3,newFrontend Developer,BerryWorks,1 day ago,"Gurgaon, Haryana"
https://in.indeed.com/rc/clk?jk=7da5be5785094076&fccid=3b89b9ec324f96c8&vjs=3,newUI Developer,Siemens Technology and Services Private Limited,2 days ago,"Bengaluru, Karnataka"
https://in.indeed.com/rc/clk?jk=97f4469fdae59d68&fccid=4e4a72f7b7af17d4&vjs=3,newSenior Software Engineer - Frontend - Supply Chain Managemen...,Myntra.com,3 days ago,"Bengaluru, Karnataka"
https://in.indeed.com/rc/clk?jk=9b3dd14ffd3dd46f&fccid=dd7bba01f1b3cff5&vjs=3,Frontend Developer,Auxesis Infotech Private Limited,30 days ago,India\xe2\x80\xa2Remote
https://in.indeed.com/company/RazorEdge-Analytics/jobs/Front-End-Developer-a2f8cfc08e84a977?fccid=c98d396da862976b&vjs=3,newFront End Developer,RazorEdge Analytics,Today,"Mumbai, Maharashtra\xe2\x80\xa2Temporarily Remote"
https://in.indeed.com/rc/clk?jk=f037aaacdc11679e&fccid=4faf342d2307e9ed&vjs=3,JUNIOR WEB DEVELOPER,Harman International,15 days ago,"Bengaluru, Karnataka"
https://in.indeed.com/rc/clk?jk=a036627ca386f735&fccid=8bc714e364744b9c&vjs=3,newFrontend Developer,CloudThat Technologies Pvt. Ltd.,1 day ago,"Bengaluru, Karnataka"
https://in.indeed.com/rc/clk?jk=7e5cb870177c0e44&fccid=26af1daddcca9b03&vjs=3,newFrontend Developer (Angular or React js Developer) 2 - 4 yrs,Mindbowser Info Solutions Pvt Ltd,8 days ago,"Pune, Maharashtra\xe2\x80\xa2Temporarily Remote"
https://in.indeed.com/rc/clk?jk=6dbe83bccd32077b&fccid=5249cd8e17163cb5&vjs=3,FrontEnd Developer,Standard Chartered,30 days ago,"Bengaluru, Karnataka"
https://in.indeed.com/rc/clk?jk=512c1c50ef4461f8&fccid=3b89b9ec324f96c8&vjs=3,Developer - Front End,Siemens Technology and Services Private Limited,30+ days ago,"Pune, Maharashtra"
https://in.indeed.com/rc/clk?jk=fef0f5659e0d494a&fccid=87b8e434fcc53d01&vjs=3,OMS Frontend Developer (Remote),Tangentia,30+ days ago,"Mumbai, Maharashtra\xe2\x80\xa2Remote"
https://in.indeed.com/company/OnFn-Technologies-Private-Limited/jobs/Frontend-Developer-5ec9d366be8392de?fccid=ed0d6c4e4dc900d5&vjs=3,newFrontend Developer,OnFn Technologies Private Limited,3 days ago,"Bengaluru, Karnataka\xe2\x80\xa2Temporarily Remote"
https://in.indeed.com/rc/clk?jk=ce07a1ab93cbc107&fccid=deb2aab11cc7f495&vjs=3,newFront - End Developer,Syntrio Technologies,2 days ago,"Thiruvananthapuram, Kerala"
https://in.indeed.com/rc/clk?jk=533282481d387e2d&fccid=7c3a1f1f98dde031&vjs=3,newJunior Frontend Developer (remote),Sofi,Today,Remote\xe2\x80\xa2Remote
https://in.indeed.com/rc/clk?jk=4f2317a9cb648d43&fccid=1d55e7411d59c19c&vjs=3,AEM Frontend Developer - Senior,Ugam,30+ days ago,"Mumbai, Maharashtra"
https://in.indeed.com/rc/clk?jk=c11556b27ff377e9&fccid=fdb27260bc9579f4&vjs=3,Junior Frontend Developer,Ferill Dynamics,30+ days ago,"Bengaluru, Karnataka"
https://in.indeed.com/company/Om-Informatics/jobs/Front-End-Developer-4b0aaf23cb7bbf0f?fccid=abbf92c0a4cfcf0c&vjs=3,Front End Developer,Om Informatics,15 days ago,"Mulund, Mumbai, Maharashtra\xe2\x80\xa2Temporarily Remote"
https://in.indeed.com/company/QuinStreet-Software/jobs/Ui-Developer-f6f12d15cb30f7c8?fccid=083a44f74542181e&vjs=3,newUI Developer,QuinStreet Software,1 day ago,"Pune, Maharashtra\xe2\x80\xa2Temporarily Remote"
https://in.indeed.com/rc/clk?jk=189c8b564fa2c474&fccid=ffebae55a778ec1a&vjs=3,Frontend Developer - ReactJS/Strong in JavaScript,Lenskart,30+ days ago,"Hyderabad, Telangana"
https://in.indeed.com/rc/clk?jk=b8e05953a2d4c7d9&fccid=aaf3b433897ea465&vjs=3,newUI Developer,"JPMorgan Chase Bank, N.A.",Today,"Hyderabad, Telangana"
https://in.indeed.com/company/ShujaBITS-Infotech-Solutions-Private-Limited/jobs/Reactj-Frontend-Developer-42eb6b2bd215c2e6?fccid=a191ff79bc4a9637&vjs=3,newReactJS Frontend Developers - All levels,ShujaBITS Infotech Solutions Private Limited,Today,"Navi Mumbai, Maharashtra"
https://in.indeed.com/rc/clk?jk=305fe47423cf262a&fccid=c13bab419a92b1b4&vjs=3,newSoftware Engineer - Frontend Developer,Airtel India,1 day ago,"Gurgaon, Haryana"
https://in.indeed.com/rc/clk?jk=d6e1160c951e3b99&fccid=503bebf79fb3f25e&vjs=3,Frontend Developer,Spritle,24 days ago,"Chennai, Tamil Nadu"
https://in.indeed.com/company/TheLayerProject/jobs/Frontend-Developer-e1184e3453e455d1?fccid=88a6b7a153c7aaca&vjs=3,Frontend Developer (VueJS),TheLayerProject,24 days ago,"Bengaluru, Karnataka\xe2\x80\xa2Temporarily Remote"
https://in.indeed.com/rc/clk?jk=621b5c8ab5d769c0&fccid=8161f2dbeb2d6c8d&vjs=3,Frontend web development,Wise Monk,30+ days ago,Remote\xe2\x80\xa2Remote
https://in.indeed.com/rc/clk?jk=af26d7270ca4e9e9&fccid=5bcd1ef0a7f4fb99&vjs=3,newUI Developer,Citi,1 day ago,"Pune, Maharashtra"
https://in.indeed.com/rc/clk?jk=fd5649ce14306a94&fccid=4faf342d2307e9ed&vjs=3,"newWEB DEVELOPER (.NET, JS)",Harman International,2 days ago,"Coimbatore, Tamil Nadu"
https://in.indeed.com/rc/clk?jk=df047d6f10fa59af&fccid=1c07fa87afea6c2c&vjs=3,Frontend Developer,Simplicity Creations,30+ days ago,"Pune, Maharashtra"
https://in.indeed.com/rc/clk?jk=7fda57e890555e03&fccid=3b89b9ec324f96c8&vjs=3,newFront End Developer (Angular),Siemens,1 day ago,"Bengaluru, Karnataka"
https://in.indeed.com/company/Anar-App-Pvt.-Ltd/jobs/Frontend-Engineer-bca6f4dbd8258f90?fccid=1dfcd1005672083e&vjs=3,newFrontend Engineer (React-Native),Anar App Pvt. Ltd,Just posted,"Mumbai, Maharashtra\xe2\x80\xa2Remote"
https://in.indeed.com/company/CreatorsGuru/jobs/Senior-Frontend-Developer-b23944a0bb130b7c?fccid=d6eaf6ef2cb18358&vjs=3,Sr. Frontend Developer,CreatorsGuru,14 days ago,Remote\xe2\x80\xa2Remote
https://in.indeed.com/company/MSC-Munich-Strategy-Consulting-GmbH/jobs/Frontend-Developer-c8ddcbfa30d414b7?fccid=c39ca13fd1488f82&vjs=3,Frontend Developer (m/w/d),MSC Munich Strategy Consulting GmbH,14 days ago,Remote\xe2\x80\xa2Remote
https://in.indeed.com/rc/clk?jk=f62b7fe6d6543f9a&fccid=4faf342d2307e9ed&vjs=3,newSR. WEB DEVELOPER,Harman International,2 days ago,"Bengaluru, Karnataka"
https://in.indeed.com/rc/clk?jk=deb83dd19242ae02&fccid=b752cf438285f04b&vjs=3,Front End Web Development Code,PhillipCapital,30+ days ago,"Mumbai, Maharashtra\xe2\x80\xa2Remote"
https://in.indeed.com/company/Technoidentity/jobs/Vue-Js-Developer-9563d3ce19186113?fccid=0f77e6844e1b2970&vjs=3,newVue.js Developer,Technoidentity,4 days ago,"Administrative Building, Andhra Pradesh\xe2\x80\xa2Remote"
https://in.indeed.com/company/United-Softwares/jobs/Front-End-Developer-edb0c386e21ca7d4?fccid=6d8c0720e9b254e4&vjs=3,Front End Developer,United Softwares,15 days ago,"Erode, Tamil Nadu\xe2\x80\xa2Remote"
https://in.indeed.com/company/Albertsons-International-Pvt-Ltd/jobs/Frontend-Software-Developer-bb8e5e9cfeb77cf1?fccid=9a2a7f104f3830ac&vjs=3,Frontend software developer - JavaScript / HTML / CSS,Albertsons International Pvt Ltd,23 days ago,"Mumbai, Maharashtra"
https://in.indeed.com/rc/clk?jk=a16f49878868a187&fccid=105ecfd0283f415f&vjs=3,newPython Developer | 2 to 4 years | Bengaluru & Pune,Capgemini,2 days ago,"Bengaluru, Karnataka"
https://in.indeed.com/rc/clk?jk=8c3fa7cd8c309db6&fccid=72608fee1e921f8c&vjs=3,Wordpress Developer Intern,OXO Solutions,16 days ago,India+1 location
https://in.indeed.com/company/MSC-Munich-Strategy-Consulting-GmbH/jobs/Frontend-Developer-c8ddcbfa30d414b7?fccid=c39ca13fd1488f82&vjs=3,Frontend Developer (m/w/d),MSC Munich Strategy Consulting GmbH,14 days ago,Remote\xe2\x80\xa2Remote
https://in.indeed.com/company/Accurafind-HR-Consultant/jobs/Frontend-Mobile-Developer-738db0f6e737dc60?fccid=7385ff2f10b97936&vjs=3,Frontend Mobile developer,Accurafind HR Consultant,11 days ago,"Bengaluru, Karnataka"
https://in.indeed.com/company/RightData-Labs-Private-Ltd/jobs/Ui-Jquery-Developer-Hitech-City-b5584cec2b7961be?fccid=261edd86e506131a&vjs=3,newLooking for UI JQuery Developer (0-5 Years)Hitech City,RightData Labs Private Ltd,4 days ago,"Hyderabad, Telangana"
https://in.indeed.com/company/Metric-Tree-Labs/jobs/Frontend-Developer-e3a2a8728a4677f7?fccid=45f07162a1d0ba62&vjs=3,Frontend Developer,Metric Tree Labs,30+ days ago,"Kochi, Kerala"
https://in.indeed.com/company/!Chaturlocal/jobs/Trainee-Web-Developer-548496357c38c365?fccid=376b319d95af5e1c&vjs=3,newTrainee Web Developer,!Chaturlocal,3 days ago,"Bengaluru, Karnataka\xe2\x80\xa2Temporarily Remote"
https://in.indeed.com/rc/clk?jk=02e420f287d930e9&fccid=ec57582af9c050c3&vjs=3,Engineering Intern Frontend (Reactjs),Hacker Earth,30+ days ago,"Bengaluru, Karnataka"
https://in.indeed.com/company/Ernest-Talent/jobs/Python-Developer-15aa8992d6d30e96?fccid=dbcc50f65cfedaa5&vjs=3,Python Developer,Ernest Talent,10 days ago,"Bengaluru, Karnataka\xe2\x80\xa2Temporarily Remote"
https://in.indeed.com/rc/clk?jk=c8502163c2d363de&fccid=b3282c125f18e0c0&vjs=3,newUI Developer,Helius Technologies,1 day ago,India+1 location
https://in.indeed.com/rc/clk?jk=0eb970f76f636227&fccid=239b2c50421da0c8&vjs=3,newFront End Developer,J2 Cloud Services,2 days ago,"Pune, Maharashtra"
https://in.indeed.com/company/ExcellencePort-pvt.-ltd./jobs/Web-Developer-Trainee-Fresher-Intern-3977310a6c160a76?fccid=794f0b66ee62ac49&vjs=3,newWeb developer Trainee/Fresher/Intern,ExcellencePort pvt. ltd.,1 day ago,"Nashik, Maharashtra"
https://in.indeed.com/rc/clk?jk=dc19fdd7d321688a&fccid=aaf3b433897ea465&vjs=3,newDigital India - UI Developer,"JPMorgan Chase Bank, N.A.",Today,"Bengaluru, Karnataka"
https://in.indeed.com/rc/clk?jk=d6e1160c951e3b99&fccid=503bebf79fb3f25e&vjs=3,Frontend Developer,Spritle,24 days ago,"Chennai, Tamil Nadu"
https://in.indeed.com/rc/clk?jk=c033dacb53db5ad7&fccid=d83fd549e71404a0&vjs=3,newAngular Developer,tecHindustan Solutions,Just posted,"Mohali, Punjab"
https://in.indeed.com/rc/clk?jk=c033dacb53db5ad7&fccid=d83fd549e71404a0&vjs=3,newAngular Developer,tecHindustan Solutions,Just posted,"Mohali, Punjab"
https://in.indeed.com/company/ANAR-EdTech/jobs/React-Native-Developer-d7d7cb8327146031?fccid=ba72fb75a1f8b35e&vjs=3,newReact Native Developer,ANAR EdTech,Just posted,"Kochi, Kerala\xe2\x80\xa2Remote"
https://in.indeed.com/company/Codersbrain/jobs/Reactj-Developer-ee9f7179bb4198d0?fccid=c41e7d505936eb08&vjs=3,ReactJS Developer,Codersbrain,22 days ago,Remote\xe2\x80\xa2Remote
https://in.indeed.com/company/SATSHRI-INFOSOFT-PVT-LTD/jobs/React-Developer-ae58e48c75e32550?fccid=8f52c75b69fa7f5f&vjs=3,newReact Developer,SATSHRI INFOSOFT PVT LTD,2 days ago,"Jaipur, Rajasthan\xe2\x80\xa2Temporarily Remote"
https://in.indeed.com/rc/clk?jk=094721e6c6834edb&fccid=dd616958bd9ddc12&vjs=3,newWeb Designer / UI Developer,Dynamisch,1 day ago,"Pune, Maharashtra"
"https://in.indeed.com/company/Little-SaaS,-Inc./jobs/Reactj-Developer-6e1a5b6cb2eb1d61?fccid=4495a479fa77677d&vjs=3",ReactJS Developer,"Little SaaS, Inc.",27 days ago,Remote\xe2\x80\xa2Temporarily Remote
https://in.indeed.com/company/Saanvi-Infosoft/jobs/Wordpress-Developer-7587cbc30e4716c2?fccid=b25c2c924d67303f&vjs=3,newWordpress Developer,Saanvi Infosoft,Just posted,"Ahmedabad, Gujarat\xe2\x80\xa2Remote"
https://in.indeed.com/rc/clk?jk=8552e4d6d1a2a742&fccid=b5712e2e2095c20e&vjs=3,Front End Developer,Indus Net Technologies,9 days ago,Remote\xe2\x80\xa2Remote
https://in.indeed.com/company/Iraitech-Innovations-&-Tehcnologies-Pvt.Ltd/jobs/Frontend-Developer-3229e57e420454c6?fccid=2f3d03dbe7a156cf&vjs=3,Frontend Developer (Angular),Iraitech Innovations & Tehcnologies Pvt.Ltd,30+ days ago,"Delhi, Delhi\xe2\x80\xa2Temporarily Remote"
https://in.indeed.com/company/ECode-Dash/jobs/Python-Developer-e31530e0acec57d0?fccid=5949ab200a9a3d4c&vjs=3,newPython Developer,ECode Dash,3 days ago,"Ahmedabad, Gujarat\xe2\x80\xa2Remote"
https://in.indeed.com/company/iLapz-Technologies/jobs/Opening-Fresher-Intern-5bfc34566046e110?fccid=4bb52a5e95a13418&vjs=3,Opening for Freshers/Intern- Trainee Developer,iLapz Technologies,9 days ago,"Pattom, Thiruvananthapuram, Kerala\xe2\x80\xa2Remote"
https://in.indeed.com/company/DigiXhub/jobs/Reactj-Developer-c60e0d013c58a9af?fccid=b10929865a8d365b&vjs=3,ReactJS Developer,DigiXhub,30+ days ago,Remote\xe2\x80\xa2Remote
https://in.indeed.com/company/Deltacubes-Technologies/jobs/Senior-Frontend-Developer-46fa7677116d3ccc?fccid=8542e11a8ecba77f&vjs=3,Sr. Frontend Developer,Deltacubes Technologies,9 days ago,Remote
https://in.indeed.com/rc/clk?jk=c193f5ab2cbab230&fccid=c12b74203cff9c5f&vjs=3,HTML Developer,Appening Infotech,30+ days ago,Remote\xe2\x80\xa2Remote
https://in.indeed.com/rc/clk?jk=8c4b544611832f89&fccid=6e593fe77492b183&vjs=3,React Developer - Frontend,CodeGama,30+ days ago,"Bengaluru, Karnataka"
https://in.indeed.com/rc/clk?jk=5b6d74c2ba3674a6&fccid=4138cedc7b88d698&vjs=3,newSenior HTML Developer,New Media Guru,2 days ago,"Gurgaon, Haryana"
https://in.indeed.com/rc/clk?jk=40afc6fb6229a73c&fccid=38ae06ed470b23b3&vjs=3,Frontend Developer,LeadSquared,30+ days ago,"Bengaluru, Karnataka"
"https://in.indeed.com/company/eSeller-Technologies-Pvt-Ltd,-Technopark/jobs/Ui-8191b6e9ee84423e?fccid=98c5591e303aad1e&vjs=3",UI- Front End Developer,"eSeller Technologies Pvt Ltd, Technopark",22 days ago,"Thiruvananthapuram, Kerala\xe2\x80\xa2Temporarily Remote"
https://in.indeed.com/rc/clk?jk=34a5c87e2284a8b2&fccid=b75ce4a3c7dcd4ba&vjs=3,newFront End Developer,ARK Infosoft,3 days ago,"Ahmedabad, Gujarat"
https://in.indeed.com/rc/clk?jk=bf213c7d43ef9e28&fccid=de71a49b535e21cb&vjs=3,newApplication Developer: Java Full Stack,IBM,4 days ago,"Pune, Maharashtra+6 locations"
https://in.indeed.com/rc/clk?jk=824c6c623fbffb7d&fccid=1f17f206844b7ab2&vjs=3,Frontend Developer,Metroguild,30+ days ago,"Pune, Maharashtra\xe2\x80\xa2Remote"
https://in.indeed.com/company/Maxima/jobs/Python-Developer-667ba012e33d6e6b?fccid=73053de1d9721166&vjs=3,Python Developer,Maxima,10 days ago,"Hyderabad, Telangana\xe2\x80\xa2Temporarily Remote"
https://in.indeed.com/company/Hurix-Digital/jobs/Angularj-Developer-d4ed0d29417616e3?fccid=4df54e3892538f06&vjs=3,AngularJS Developer,Hurix Digital,19 days ago,Remote\xe2\x80\xa2Remote
https://in.indeed.com/rc/clk?jk=5fefe1240c3945dc&fccid=848a02a4811deecf&vjs=3,Web Developer Trainee,Gunadhya Software Solutions Pvt Ltd.,16 days ago,"Pune, Maharashtra"
https://in.indeed.com/rc/clk?jk=01f0eb09b52a9796&fccid=6e6feb63557036b5&vjs=3,Frontend Product Development Engineer I,Phenom People,11 days ago,"Hyderabad, Telangana"
https://in.indeed.com/rc/clk?jk=feec9608d69472e5&fccid=21ad8c59c500150c&vjs=3,newFrontend Engineer,Cuelogic,5 days ago,"Pune, Maharashtra"
https://in.indeed.com/company/Harjai-Computers-Private-Limited/jobs/Angularj-Developer-68e6d600d3e3f2ac?fccid=4f6a186bcd343d80&vjs=3,newAngularJS Developer,Harjai Computers Private Limited,3 days ago,"Mumbai, Maharashtra\xe2\x80\xa2Temporarily Remote"
https://in.indeed.com/rc/clk?jk=28a35e13c3bfac44&fccid=3b89b9ec324f96c8&vjs=3,newSenior Frontend Developer,Siemens,1 day ago,"Chennai, Tamil Nadu"
https://in.indeed.com/company/Apcons-infotech/jobs/Front-End-Developer-23f6b27f4733add6?fccid=dc92bab0f9a5bcbe&vjs=3,newFront End Developer,Apcons infotech,3 days ago,"Hyderabad, Telangana+4 locations\xe2\x80\xa2Temporarily Remote"
https://in.indeed.com/company/CreatorsGuru/jobs/Front-End-Developer-0287bcc7bc79083c?fccid=d6eaf6ef2cb18358&vjs=3,newFront End Developer,CreatorsGuru,2 days ago,Remote\xe2\x80\xa2Remote
https://in.linkedin.com/jobs/view/software-engineer-i-at-philips-2644400381?refId=ZtlSkI1cw9KB%2FnZlxXKo5w%3D%3D&trackingId=vGSOKIjcnjLH3%2BY2YJK8oA%3D%3D&position=1&pageNum=0&trk=public_jobs_jserp-result_search-card,Software Engineer - I,Philips,4 hours ago,"Bengaluru, Karnataka, India"
https://in.linkedin.com/jobs/view/software-engineer-at-skillsanta-2643969636?refId=ZtlSkI1cw9KB%2FnZlxXKo5w%3D%3D&trackingId=CXi8%2FKGUqLrI9PrPJJjiuQ%3D%3D&position=2&pageNum=0&trk=public_jobs_jserp-result_search-card,Software Engineer,SkillSanta,11 hours ago,India
https://in.linkedin.com/jobs/view/software-engineer-fresh-graduate-at-dlux-tech-2652880709?refId=ZtlSkI1cw9KB%2FnZlxXKo5w%3D%3D&trackingId=0rW%2FMZXrO30FAYFZEy5Gxg%3D%3D&position=3&pageNum=0&trk=public_jobs_jserp-result_search-card,Software Engineer (Fresh Graduate),DLUX TECH ,16 hours ago,"Coimbatore North, Tamil Nadu, India"
https://in.linkedin.com/jobs/view/software-engineer-at-linkedin-2644507695?refId=ZtlSkI1cw9KB%2FnZlxXKo5w%3D%3D&trackingId=fxOUPdUQf6vivik8HBs5DA%3D%3D&position=4&pageNum=0&trk=public_jobs_jserp-result_search-card,Software Engineer,LinkedIn,2 days ago,"Bengaluru, Karnataka, India"
https://in.linkedin.com/jobs/view/software-engineer-i-at-honeywell-2646594364?refId=ZtlSkI1cw9KB%2FnZlxXKo5w%3D%3D&trackingId=Be1uQKV77uim%2FO8Mp8IPBw%3D%3D&position=5&pageNum=0&trk=public_jobs_jserp-result_search-card,Software Engineer I,Honeywell,2 days ago,"Bengaluru, Karnataka, India"
https://in.linkedin.com/jobs/view/software-engineer-at-ge-healthcare-2652337426?refId=ZtlSkI1cw9KB%2FnZlxXKo5w%3D%3D&trackingId=xxozrJd6lc1bMCPnDlk%2Fig%3D%3D&position=6&pageNum=0&trk=public_jobs_jserp-result_search-card,Software Engineer,GE Healthcare,1 day ago,"Bengaluru, Karnataka, India"
https://in.linkedin.com/jobs/view/software-development-engineer-entry-level-at-aither-technology-2646025550?refId=ZtlSkI1cw9KB%2FnZlxXKo5w%3D%3D&trackingId=DmYcUqpjPFW2ygDFZmbmeg%3D%3D&position=7&pageNum=0&trk=public_jobs_jserp-result_search-card,Software Development Engineer - Entry Level,Aither Technology,5 days ago,"Bengaluru, Karnataka, India"
https://in.linkedin.com/jobs/view/software-engineer-at-udaan-com-2539641277?refId=ZtlSkI1cw9KB%2FnZlxXKo5w%3D%3D&trackingId=JqcnGazw%2BVMGsAvR9%2BGiCQ%3D%3D&position=8&pageNum=0&trk=public_jobs_jserp-result_search-card,Software Engineer,udaan.com,5 days ago,India
https://in.linkedin.com/jobs/view/junior-software-engineer-at-anuta-networks-2641377322?refId=ZtlSkI1cw9KB%2FnZlxXKo5w%3D%3D&trackingId=gOeuklA%2Ft1RpntP%2B2%2BR8Lw%3D%3D&position=9&pageNum=0&trk=public_jobs_jserp-result_search-card,Junior Software Engineer,Anuta Networks,4 days ago,"Bengaluru, Karnataka, India"
https://in.linkedin.com/jobs/view/software-development-engineer-career-relaunch-%21%21-at-oracle-2640358254?refId=ZtlSkI1cw9KB%2FnZlxXKo5w%3D%3D&trackingId=7G9ns9E7VAmvqM4LqpsbCA%3D%3D&position=10&pageNum=0&trk=public_jobs_jserp-result_search-card,Software Development Engineer- Career Relaunch !!,Oracle,3 days ago,"Bangalore Urban, Karnataka, India"
https://in.linkedin.com/jobs/view/software-engineer-at-cloudera-2652571671?refId=ZtlSkI1cw9KB%2FnZlxXKo5w%3D%3D&trackingId=tFzru22kSFZe2k2e%2F9Owgw%3D%3D&position=11&pageNum=0&trk=public_jobs_jserp-result_search-card,Software Engineer,Cloudera,1 day ago,"Bengaluru, Karnataka, India"
https://in.linkedin.com/jobs/view/software-engineer-python-at-trading-technologies-2642073453?refId=ZtlSkI1cw9KB%2FnZlxXKo5w%3D%3D&trackingId=kwPrymAAOjO8lCcFixYX8g%3D%3D&position=12&pageNum=0&trk=public_jobs_jserp-result_search-card,Software Engineer (Python),Trading Technologies,2 days ago,"Pune, Maharashtra, India"
https://in.linkedin.com/jobs/view/software-engineer-at-wipro-limited-2643994507?refId=ZtlSkI1cw9KB%2FnZlxXKo5w%3D%3D&trackingId=SjVB6FXWFpbZA%2FDi7AYraA%3D%3D&position=13&pageNum=0&trk=public_jobs_jserp-result_search-card,Software Engineer,Wipro Limited,5 hours ago,"Bengaluru, Karnataka, India"
https://in.linkedin.com/jobs/view/software-engineer-at-superset-2642720568?refId=ZtlSkI1cw9KB%2FnZlxXKo5w%3D%3D&trackingId=UNhV7yFzxlpzxcGkOM5ZEw%3D%3D&position=14&pageNum=0&trk=public_jobs_jserp-result_search-card,Software Engineer,Superset,1 day ago,"Bangalore Urban, Karnataka, India"
https://in.linkedin.com/jobs/view/junior-senior-software-engineer-at-propine-2644406997?refId=ZtlSkI1cw9KB%2FnZlxXKo5w%3D%3D&trackingId=tbJNzWsSmMqz%2Bq2DK5lxcw%3D%3D&position=15&pageNum=0&trk=public_jobs_jserp-result_search-card,Junior/Senior Software Engineer,Propine,2 hours ago,India
https://in.linkedin.com/jobs/view/software-engineer-i-at-f5-2639224979?refId=ZtlSkI1cw9KB%2FnZlxXKo5w%3D%3D&trackingId=cwV8M9EPa4iKXcZveoGjxg%3D%3D&position=16&pageNum=0&trk=public_jobs_jserp-result_search-card,Software Engineer I,F5,3 days ago,"Hyderabad, Telangana, India"
https://in.linkedin.com/jobs/view/software-engineer-web-at-saltside-2643955988?refId=ZtlSkI1cw9KB%2FnZlxXKo5w%3D%3D&trackingId=9y%2BAWY1MmifKDJiHQ8V1NQ%3D%3D&position=17&pageNum=0&trk=public_jobs_jserp-result_search-card,Software Engineer Web,Saltside,13 hours ago,India
https://in.linkedin.com/jobs/view/software-engineer-at-scientific-games-2653135545?refId=FaZngP3TkVq7%2BiqfHRqOwg%3D%3D&trackingId=7xpU7pJUKpHAb1h6OeNnqw%3D%3D&position=1&pageNum=0&trk=public_jobs_jserp-result_search-card,Software Engineer,Scientific Games,11 hours ago,"Bengaluru, Karnataka, India"
https://in.linkedin.com/jobs/view/software-engineer-i-at-philips-2644401287?refId=FaZngP3TkVq7%2BiqfHRqOwg%3D%3D&trackingId=q5RyQOND9X%2FvQVGSOjMCSA%3D%3D&position=2&pageNum=0&trk=public_jobs_jserp-result_search-card,Software Engineer - I,Philips,4 hours ago,"Bengaluru, Karnataka, India"
https://in.linkedin.com/jobs/view/software-engineer-i-at-philips-2644400381?refId=FaZngP3TkVq7%2BiqfHRqOwg%3D%3D&trackingId=ROCkxJctflRB0fS%2FH4qR0w%3D%3D&position=3&pageNum=0&trk=public_jobs_jserp-result_search-card,Software Engineer - I,Philips,4 hours ago,"Bengaluru, Karnataka, India"
https://in.linkedin.com/jobs/view/software-engineer-at-linkedin-2644507695?refId=FaZngP3TkVq7%2BiqfHRqOwg%3D%3D&trackingId=17G3u4VXTrwbctSB00S3EA%3D%3D&position=4&pageNum=0&trk=public_jobs_jserp-result_search-card,Software Engineer,LinkedIn,2 days ago,"Bengaluru, Karnataka, India"
https://in.linkedin.com/jobs/view/software-engineer-at-skillsanta-2643969636?refId=FaZngP3TkVq7%2BiqfHRqOwg%3D%3D&trackingId=e3%2BzaTpelfvf%2BAn2BliMwg%3D%3D&position=5&pageNum=0&trk=public_jobs_jserp-result_search-card,Software Engineer,SkillSanta,11 hours ago,India
https://in.linkedin.com/jobs/view/software-engineer-web-at-saltside-2643955988?refId=FaZngP3TkVq7%2BiqfHRqOwg%3D%3D&trackingId=xCgrcvYOftP5MILIS1qKIw%3D%3D&position=6&pageNum=0&trk=public_jobs_jserp-result_search-card,Software Engineer Web,Saltside,13 hours ago,India
https://in.linkedin.com/jobs/view/software-engineer-at-ge-healthcare-2652337426?refId=FaZngP3TkVq7%2BiqfHRqOwg%3D%3D&trackingId=K4Y32T0jOkvrgTYfgb%2Fs7w%3D%3D&position=7&pageNum=0&trk=public_jobs_jserp-result_search-card,Software Engineer,GE Healthcare,1 day ago,"Bengaluru, Karnataka, India"
https://in.linkedin.com/jobs/view/software-development-engineer-career-relaunch-%21%21-at-oracle-2640358254?refId=FaZngP3TkVq7%2BiqfHRqOwg%3D%3D&trackingId=QQZCMwxaQjLtjdPij3x0ZQ%3D%3D&position=8&pageNum=0&trk=public_jobs_jserp-result_search-card,Software Development Engineer- Career Relaunch !!,Oracle,3 days ago,"Bangalore Urban, Karnataka, India"
https://in.linkedin.com/jobs/view/software-engineer-at-ge-healthcare-2650481104?refId=FaZngP3TkVq7%2BiqfHRqOwg%3D%3D&trackingId=KMYAG5iaFCegrzjgIeIVwA%3D%3D&position=9&pageNum=0&trk=public_jobs_jserp-result_search-card,Software Engineer,GE Healthcare,3 days ago,"Bengaluru, Karnataka, India"
https://in.linkedin.com/jobs/view/software-engineer-i-at-philips-2642060566?refId=FaZngP3TkVq7%2BiqfHRqOwg%3D%3D&trackingId=WTADOEOgiXc7snDSIvr4rA%3D%3D&position=10&pageNum=0&trk=public_jobs_jserp-result_search-card,Software Engineer I,Philips,2 days ago,"Bengaluru, Karnataka, India"
https://in.linkedin.com/jobs/view/junior-software-engineer-at-anuta-networks-2643724985?refId=FaZngP3TkVq7%2BiqfHRqOwg%3D%3D&trackingId=5c9xvkWlxg%2BbPFBHv2kMiA%3D%3D&position=11&pageNum=0&trk=public_jobs_jserp-result_search-card,Junior Software Engineer,Anuta Networks,3 days ago,"Bengaluru, Karnataka, India"
https://in.linkedin.com/jobs/view/junior-senior-software-engineer-at-propine-2644406997?refId=FaZngP3TkVq7%2BiqfHRqOwg%3D%3D&trackingId=3Q9k9F%2BXMUPr0WQhMNQlqg%3D%3D&position=12&pageNum=0&trk=public_jobs_jserp-result_search-card,Junior/Senior Software Engineer,Propine,2 hours ago,India
https://in.linkedin.com/jobs/view/junior-software-engineer-at-anuta-networks-2641377322?refId=FaZngP3TkVq7%2BiqfHRqOwg%3D%3D&trackingId=GFOFp9cchAIQTxEtgVkDtw%3D%3D&position=13&pageNum=0&trk=public_jobs_jserp-result_search-card,Junior Software Engineer,Anuta Networks,4 days ago,"Bengaluru, Karnataka, India"
https://in.linkedin.com/jobs/view/software-development-engineer-social-at-hotstar-2642092748?refId=FaZngP3TkVq7%2BiqfHRqOwg%3D%3D&trackingId=oS70AI3GCYsri6bP0RNRJQ%3D%3D&position=14&pageNum=0&trk=public_jobs_jserp-result_search-card,Software Development Engineer - Social,Hotstar,1 day ago,"Bengaluru, Karnataka, India"
https://in.linkedin.com/jobs/view/software-engineer-at-phonepe-2635387277?refId=FaZngP3TkVq7%2BiqfHRqOwg%3D%3D&trackingId=%2Bj%2BGsqQG%2BCslLQ%2FjHXIjXg%3D%3D&position=15&pageNum=0&trk=public_jobs_jserp-result_search-card,Software Engineer,PhonePe,3 weeks ago,"Pune, Maharashtra, India"
https://in.linkedin.com/jobs/view/software-engineer-full-stack-at-linkedin-2557276599?refId=FaZngP3TkVq7%2BiqfHRqOwg%3D%3D&trackingId=Q9sdM3kYpuZc9uFlTyT5Qw%3D%3D&position=16&pageNum=0&trk=public_jobs_jserp-result_search-card,Software Engineer - Full Stack,LinkedIn,1 day ago,"Bengaluru, Karnataka, India"
https://in.linkedin.com/jobs/view/software-engineer-at-phonepe-2642709879?refId=FaZngP3TkVq7%2BiqfHRqOwg%3D%3D&trackingId=8diV0v3uhpB8tIVzcxKbQw%3D%3D&position=17&pageNum=0&trk=public_jobs_jserp-result_search-card,Software Engineer,PhonePe,3 weeks ago,"Pune, Maharashtra, India"
https://in.linkedin.com/jobs/view/software-engineer-at-siemens-technology-india-2640358536?refId=FaZngP3TkVq7%2BiqfHRqOwg%3D%3D&trackingId=yr1MY5Clf8Tue5XxGWn3eg%3D%3D&position=18&pageNum=0&trk=public_jobs_jserp-result_search-card,Software Engineer,Siemens Technology India,3 days ago,"Pune, Maharashtra, India"
https://in.linkedin.com/jobs/view/software-engineer-at-thomson-reuters-2653076953?refId=FaZngP3TkVq7%2BiqfHRqOwg%3D%3D&trackingId=z5fs3hieoiALY7pLunbk%2FQ%3D%3D&position=19&pageNum=0&trk=public_jobs_jserp-result_search-card,Software Engineer,Thomson Reuters,13 hours ago,"Bengaluru, Karnataka, India"
https://in.linkedin.com/jobs/view/software-engineer-recent-grad-india-at-egnyte-2517034701?refId=FaZngP3TkVq7%2BiqfHRqOwg%3D%3D&trackingId=9YHgos2%2BMXSwJyp85YEPvA%3D%3D&position=20&pageNum=0&trk=public_jobs_jserp-result_search-card,Software Engineer - Recent Grad [India],Egnyte,1 week ago,"Mumbai, Maharashtra, India"
https://in.linkedin.com/jobs/view/software-engineer-i-backend-at-dunzo-2645089180?refId=FaZngP3TkVq7%2BiqfHRqOwg%3D%3D&trackingId=jjvpqD45crnIzvWE6GtNRQ%3D%3D&position=21&pageNum=0&trk=public_jobs_jserp-result_search-card,Software Engineer I - Backend,Dunzo,1 month ago,"Bengaluru, Karnataka, India"
https://in.linkedin.com/jobs/view/software-engineer-at-udaan-com-2539641277?refId=FaZngP3TkVq7%2BiqfHRqOwg%3D%3D&trackingId=j0uQ%2Fu3yYmYedTSJ1dfdYA%3D%3D&position=22&pageNum=0&trk=public_jobs_jserp-result_search-card,Software Engineer,udaan.com,5 days ago,India
https://in.linkedin.com/jobs/view/software-engineer-at-udaan-com-2636892646?refId=FaZngP3TkVq7%2BiqfHRqOwg%3D%3D&trackingId=NWQSwDwMmzpIxApU1XEECg%3D%3D&position=23&pageNum=0&trk=public_jobs_jserp-result_search-card,Software Engineer,udaan.com,4 days ago,"Bengaluru, Karnataka, India"
https://in.linkedin.com/jobs/view/software-engineer-back-end-at-google-2643973424?refId=FaZngP3TkVq7%2BiqfHRqOwg%3D%3D&trackingId=NJ2ywh0jdpKq5k9Ddjzg3Q%3D%3D&position=24&pageNum=0&trk=public_jobs_jserp-result_search-card,"Software Engineer, Back End",Google,10 hours ago,"Hyderabad, Telangana, India"
https://in.linkedin.com/jobs/view/software-engineer-i-at-philips-2644401287?refId=yeeZXHQPwCJTQ1KzbAwq4g%3D%3D&trackingId=0PFUysKsYZF3kWxy8OHAsA%3D%3D&position=1&pageNum=0&trk=public_jobs_jserp-result_search-card,Software Engineer - I,Philips,4 hours ago,"Bengaluru, Karnataka, India"
https://in.linkedin.com/jobs/view/software-engineer-i-at-philips-2644400381?refId=yeeZXHQPwCJTQ1KzbAwq4g%3D%3D&trackingId=fMmCueo%2Fk%2FLnBkc%2FKbpULQ%3D%3D&position=2&pageNum=0&trk=public_jobs_jserp-result_search-card,Software Engineer - I,Philips,4 hours ago,"Bengaluru, Karnataka, India"
https://in.linkedin.com/jobs/view/software-engineer-at-skillsanta-2643969636?refId=yeeZXHQPwCJTQ1KzbAwq4g%3D%3D&trackingId=DFfC6Ld0KmiC%2F6xUx6Xh4g%3D%3D&position=3&pageNum=0&trk=public_jobs_jserp-result_search-card,Software Engineer,SkillSanta,11 hours ago,India
https://in.linkedin.com/jobs/view/software-engineer-fresh-graduate-at-dlux-tech-2652880709?refId=yeeZXHQPwCJTQ1KzbAwq4g%3D%3D&trackingId=VVYPYdJDU3xxsL2MMn8l1A%3D%3D&position=4&pageNum=0&trk=public_jobs_jserp-result_search-card,Software Engineer (Fresh Graduate),DLUX TECH ,16 hours ago,"Coimbatore North, Tamil Nadu, India"
https://in.linkedin.com/jobs/view/software-engineer-at-linkedin-2644507695?refId=yeeZXHQPwCJTQ1KzbAwq4g%3D%3D&trackingId=Uh%2Bgph3cjsLUtbzo8o2wYQ%3D%3D&position=5&pageNum=0&trk=public_jobs_jserp-result_search-card,Software Engineer,LinkedIn,2 days ago,"Bengaluru, Karnataka, India"
https://in.linkedin.com/jobs/view/software-engineer-i-at-honeywell-2646594364?refId=yeeZXHQPwCJTQ1KzbAwq4g%3D%3D&trackingId=GntBdX7on3ATBCycX4o%2FOg%3D%3D&position=6&pageNum=0&trk=public_jobs_jserp-result_search-card,Software Engineer I,Honeywell,2 days ago,"Bengaluru, Karnataka, India"
https://in.linkedin.com/jobs/view/software-engineer-at-ge-healthcare-2652337426?refId=yeeZXHQPwCJTQ1KzbAwq4g%3D%3D&trackingId=0lNn8bKYnj2svvQgqjkecA%3D%3D&position=7&pageNum=0&trk=public_jobs_jserp-result_search-card,Software Engineer,GE Healthcare,1 day ago,"Bengaluru, Karnataka, India"
https://in.linkedin.com/jobs/view/software-development-engineer-entry-level-at-aither-technology-2646025550?refId=yeeZXHQPwCJTQ1KzbAwq4g%3D%3D&trackingId=QGe4pDOPUS0Rr1v2RyWjIg%3D%3D&position=8&pageNum=0&trk=public_jobs_jserp-result_search-card,Software Development Engineer - Entry Level,Aither Technology,5 days ago,"Bengaluru, Karnataka, India"
https://in.linkedin.com/jobs/view/software-engineer-at-udaan-com-2539641277?refId=yeeZXHQPwCJTQ1KzbAwq4g%3D%3D&trackingId=p8sup8e%2F3IZEImSJ8QSjhg%3D%3D&position=9&pageNum=0&trk=public_jobs_jserp-result_search-card,Software Engineer,udaan.com,5 days ago,India
https://in.linkedin.com/jobs/view/software-engineer-i-at-philips-2642060566?refId=yeeZXHQPwCJTQ1KzbAwq4g%3D%3D&trackingId=lwiORXucItgwWFSH1s9ftw%3D%3D&position=10&pageNum=0&trk=public_jobs_jserp-result_search-card,Software Engineer I,Philips,2 days ago,"Bengaluru, Karnataka, India"
https://in.linkedin.com/jobs/view/software-engineer-web-at-saltside-2643955988?refId=yeeZXHQPwCJTQ1KzbAwq4g%3D%3D&trackingId=OpiJdoHJQs9DFtrtblKdZQ%3D%3D&position=11&pageNum=0&trk=public_jobs_jserp-result_search-card,Software Engineer Web,Saltside,13 hours ago,India
https://in.linkedin.com/jobs/view/software-engineer-at-udaan-com-2636892646?refId=yeeZXHQPwCJTQ1KzbAwq4g%3D%3D&trackingId=yUHIqKLbI5PdT4u18EPrkw%3D%3D&position=12&pageNum=0&trk=public_jobs_jserp-result_search-card,Software Engineer,udaan.com,4 days ago,"Bengaluru, Karnataka, India"
https://in.linkedin.com/jobs/view/junior-software-engineer-at-anuta-networks-2641377322?refId=yeeZXHQPwCJTQ1KzbAwq4g%3D%3D&trackingId=UB9F4%2Fo4FYIz1VHPY64D4g%3D%3D&position=13&pageNum=0&trk=public_jobs_jserp-result_search-card,Junior Software Engineer,Anuta Networks,4 days ago,"Bengaluru, Karnataka, India"
https://in.linkedin.com/jobs/view/junior-software-engineer-at-anuta-networks-2643724985?refId=yeeZXHQPwCJTQ1KzbAwq4g%3D%3D&trackingId=bPTLEgK4Grbiqq4r6iELUA%3D%3D&position=14&pageNum=0&trk=public_jobs_jserp-result_search-card,Junior Software Engineer,Anuta Networks,3 days ago,"Bengaluru, Karnataka, India"
https://in.linkedin.com/jobs/view/software-development-engineer-career-relaunch-%21%21-at-oracle-2640358254?refId=yeeZXHQPwCJTQ1KzbAwq4g%3D%3D&trackingId=kcLGTmSwsrbYK6c5WViVpw%3D%3D&position=15&pageNum=0&trk=public_jobs_jserp-result_search-card,Software Development Engineer- Career Relaunch !!,Oracle,3 days ago,"Bangalore Urban, Karnataka, India"
https://in.linkedin.com/jobs/view/software-engineer-at-cloudera-2652571671?refId=yeeZXHQPwCJTQ1KzbAwq4g%3D%3D&trackingId=N2iwJzExTk%2BtaPJsOIUWdg%3D%3D&position=16&pageNum=0&trk=public_jobs_jserp-result_search-card,Software Engineer,Cloudera,1 day ago,"Bengaluru, Karnataka, India"
https://in.linkedin.com/jobs/view/software-engineer-at-wipro-limited-2643994507?refId=yeeZXHQPwCJTQ1KzbAwq4g%3D%3D&trackingId=ql%2FLAlrcPCtJwoJam8ZjtQ%3D%3D&position=17&pageNum=0&trk=public_jobs_jserp-result_search-card,Software Engineer,Wipro Limited,5 hours ago,"Bengaluru, Karnataka, India"
https://in.linkedin.com/jobs/view/software-engineer-at-superset-2642720568?refId=yeeZXHQPwCJTQ1KzbAwq4g%3D%3D&trackingId=gF0UIFt42nKIEXg8QBWjjg%3D%3D&position=18&pageNum=0&trk=public_jobs_jserp-result_search-card,Software Engineer,Superset,1 day ago,"Bangalore Urban, Karnataka, India"
https://in.linkedin.com/jobs/view/junior-senior-software-engineer-at-propine-2644406997?refId=yeeZXHQPwCJTQ1KzbAwq4g%3D%3D&trackingId=aZ9EUu2v4jSLG4XzA1ccWA%3D%3D&position=19&pageNum=0&trk=public_jobs_jserp-result_search-card,Junior/Senior Software Engineer,Propine,2 hours ago,India
https://in.linkedin.com/jobs/view/software-engineer-at-ge-healthcare-2650481104?refId=yeeZXHQPwCJTQ1KzbAwq4g%3D%3D&trackingId=f%2FMCDRNRZpck5Mo7XHHOgg%3D%3D&position=20&pageNum=0&trk=public_jobs_jserp-result_search-card,Software Engineer,GE Healthcare,3 days ago,"Bengaluru, Karnataka, India"
https://in.linkedin.com/jobs/view/software-engineer-python-at-trading-technologies-2642073453?refId=yeeZXHQPwCJTQ1KzbAwq4g%3D%3D&trackingId=zcW6x2NjaggXgG7iYk%2FogA%3D%3D&position=21&pageNum=0&trk=public_jobs_jserp-result_search-card,Software Engineer (Python),Trading Technologies,2 days ago,"Pune, Maharashtra, India"
https://in.linkedin.com/jobs/view/software-engineer-at-compass-2634686962?refId=yeeZXHQPwCJTQ1KzbAwq4g%3D%3D&trackingId=%2FNXoO%2Bdg8JyvK157mJ2OPw%3D%3D&position=22&pageNum=0&trk=public_jobs_jserp-result_search-card,Software Engineer,Compass,3 weeks ago,"Hyderabad, Telangana, India"
https://in.linkedin.com/jobs/view/software-engineer-at-moonfrog-labs-2651073892?refId=yeeZXHQPwCJTQ1KzbAwq4g%3D%3D&trackingId=YtlrzyzeSaY10iRd%2FQuSKQ%3D%3D&position=23&pageNum=0&trk=public_jobs_jserp-result_search-card,Software Engineer,Moonfrog Labs,2 days ago,"Bangalore Urban, Karnataka, India"
https://in.linkedin.com/jobs/view/associate-software-engineer-at-infracloud-technologies-2653011205?refId=yeeZXHQPwCJTQ1KzbAwq4g%3D%3D&trackingId=Xz8M3SUVTGQbUsZqriQsMQ%3D%3D&position=24&pageNum=0&trk=public_jobs_jserp-result_search-card,Associate Software Engineer,InfraCloud Technologies,15 hours ago,"Pune, Maharashtra, India"
https://in.linkedin.com/jobs/view/software-engineer-at-scientific-games-2653135545?refId=t1cAfgT7XxYZW31fJSCSJg%3D%3D&trackingId=V8lmldUd%2F18oDB20C96N9A%3D%3D&position=1&pageNum=0&trk=public_jobs_jserp-result_search-card,Software Engineer,Scientific Games,11 hours ago,"Bengaluru, Karnataka, India"
https://in.linkedin.com/jobs/view/software-engineer-i-at-philips-2644401287?refId=t1cAfgT7XxYZW31fJSCSJg%3D%3D&trackingId=Eg7ZYAMn3%2BosCPk68xmLIQ%3D%3D&position=2&pageNum=0&trk=public_jobs_jserp-result_search-card,Software Engineer - I,Philips,4 hours ago,"Bengaluru, Karnataka, India"
https://in.linkedin.com/jobs/view/software-engineer-at-linkedin-2644507695?refId=t1cAfgT7XxYZW31fJSCSJg%3D%3D&trackingId=gJzl6fR0Ywd3OwWyC4et0Q%3D%3D&position=3&pageNum=0&trk=public_jobs_jserp-result_search-card,Software Engineer,LinkedIn,2 days ago,"Bengaluru, Karnataka, India"
https://in.linkedin.com/jobs/view/software-engineer-at-skillsanta-2643969636?refId=t1cAfgT7XxYZW31fJSCSJg%3D%3D&trackingId=OjH3ulZ9r63SwJQKT8z4bA%3D%3D&position=4&pageNum=0&trk=public_jobs_jserp-result_search-card,Software Engineer,SkillSanta,11 hours ago,India
https://in.linkedin.com/jobs/view/software-engineer-web-at-saltside-2643955988?refId=t1cAfgT7XxYZW31fJSCSJg%3D%3D&trackingId=RY0%2Fg1nFPsB5LLmfjoXl2A%3D%3D&position=5&pageNum=0&trk=public_jobs_jserp-result_search-card,Software Engineer Web,Saltside,13 hours ago,India
https://in.linkedin.com/jobs/view/software-engineer-at-ge-healthcare-2652337426?refId=t1cAfgT7XxYZW31fJSCSJg%3D%3D&trackingId=0RMd7iVRT63aUB3TcnILvw%3D%3D&position=6&pageNum=0&trk=public_jobs_jserp-result_search-card,Software Engineer,GE Healthcare,1 day ago,"Bengaluru, Karnataka, India"
https://in.linkedin.com/jobs/view/software-development-engineer-career-relaunch-%21%21-at-oracle-2640358254?refId=t1cAfgT7XxYZW31fJSCSJg%3D%3D&trackingId=EprDt9VY2LiVjaxtXIBSSQ%3D%3D&position=7&pageNum=0&trk=public_jobs_jserp-result_search-card,Software Development Engineer- Career Relaunch !!,Oracle,3 days ago,"Bangalore Urban, Karnataka, India"
https://in.linkedin.com/jobs/view/junior-software-engineer-at-anuta-networks-2643724985?refId=t1cAfgT7XxYZW31fJSCSJg%3D%3D&trackingId=ob2ioP7IpyLCTrjuWKbW0g%3D%3D&position=8&pageNum=0&trk=public_jobs_jserp-result_search-card,Junior Software Engineer,Anuta Networks,3 days ago,"Bengaluru, Karnataka, India"
https://in.linkedin.com/jobs/view/junior-senior-software-engineer-at-propine-2644406997?refId=t1cAfgT7XxYZW31fJSCSJg%3D%3D&trackingId=eY8SK5dpGUtQ28yZeyT1Dw%3D%3D&position=9&pageNum=0&trk=public_jobs_jserp-result_search-card,Junior/Senior Software Engineer,Propine,2 hours ago,India
https://in.linkedin.com/jobs/view/software-development-engineer-social-at-hotstar-2642092748?refId=t1cAfgT7XxYZW31fJSCSJg%3D%3D&trackingId=oAk9E72%2BSDHI92detXynnw%3D%3D&position=10&pageNum=0&trk=public_jobs_jserp-result_search-card,Software Development Engineer - Social,Hotstar,1 day ago,"Bengaluru, Karnataka, India"
https://in.linkedin.com/jobs/view/software-engineer-at-phonepe-2635387277?refId=t1cAfgT7XxYZW31fJSCSJg%3D%3D&trackingId=C7D2GHdfBSLR2rdP7U5EXA%3D%3D&position=11&pageNum=0&trk=public_jobs_jserp-result_search-card,Software Engineer,PhonePe,3 weeks ago,"Pune, Maharashtra, India"
https://in.linkedin.com/jobs/view/software-engineer-at-siemens-technology-india-2640358536?refId=t1cAfgT7XxYZW31fJSCSJg%3D%3D&trackingId=p%2BNj8W7B41PRrFOLAItWWg%3D%3D&position=12&pageNum=0&trk=public_jobs_jserp-result_search-card,Software Engineer,Siemens Technology India,3 days ago,"Pune, Maharashtra, India"
https://in.linkedin.com/jobs/view/software-engineer-at-thomson-reuters-2653076953?refId=t1cAfgT7XxYZW31fJSCSJg%3D%3D&trackingId=7tJjGwU0UjZRWpR5bPINag%3D%3D&position=13&pageNum=0&trk=public_jobs_jserp-result_search-card,Software Engineer,Thomson Reuters,13 hours ago,"Bengaluru, Karnataka, India"
https://in.linkedin.com/jobs/view/software-engineer-recent-grad-india-at-egnyte-2517034701?refId=t1cAfgT7XxYZW31fJSCSJg%3D%3D&trackingId=%2BRnwClPQ3S1j2bn0Il3isA%3D%3D&position=14&pageNum=0&trk=public_jobs_jserp-result_search-card,Software Engineer - Recent Grad [India],Egnyte,1 week ago,"Mumbai, Maharashtra, India"
https://in.linkedin.com/jobs/view/software-engineer-i-backend-at-dunzo-2645089180?refId=t1cAfgT7XxYZW31fJSCSJg%3D%3D&trackingId=zsqqCNaONF1Ksq3%2Fl058Ww%3D%3D&position=15&pageNum=0&trk=public_jobs_jserp-result_search-card,Software Engineer I - Backend,Dunzo,1 month ago,"Bengaluru, Karnataka, India"
https://in.linkedin.com/jobs/view/software-engineer-at-udaan-com-2539641277?refId=t1cAfgT7XxYZW31fJSCSJg%3D%3D&trackingId=z353gFJnSBPUA6Kfehtwhg%3D%3D&position=16&pageNum=0&trk=public_jobs_jserp-result_search-card,Software Engineer,udaan.com,5 days ago,India
https://in.linkedin.com/jobs/view/software-engineer-at-scientific-games-2653135545?refId=YOPTyurJ%2FruG4HANAuKNzQ%3D%3D&trackingId=7DjPETsoVx0x8Rr%2BCXQHhA%3D%3D&position=1&pageNum=0&trk=public_jobs_jserp-result_search-card,Software Engineer,Scientific Games,11 hours ago,"Bengaluru, Karnataka, India"
https://in.linkedin.com/jobs/view/software-engineer-i-at-philips-2644401287?refId=YOPTyurJ%2FruG4HANAuKNzQ%3D%3D&trackingId=cev5%2BXHnXuR%2BAhK9aujjaA%3D%3D&position=2&pageNum=0&trk=public_jobs_jserp-result_search-card,Software Engineer - I,Philips,4 hours ago,"Bengaluru, Karnataka, India"
https://in.linkedin.com/jobs/view/software-engineer-at-linkedin-2644507695?refId=YOPTyurJ%2FruG4HANAuKNzQ%3D%3D&trackingId=LBw%2Fx%2FifGE5iS8xmqXzQQA%3D%3D&position=3&pageNum=0&trk=public_jobs_jserp-result_search-card,Software Engineer,LinkedIn,2 days ago,"Bengaluru, Karnataka, India"
https://in.linkedin.com/jobs/view/software-engineer-at-skillsanta-2643969636?refId=YOPTyurJ%2FruG4HANAuKNzQ%3D%3D&trackingId=966lxP8FF8qwl2%2FQcue6UA%3D%3D&position=4&pageNum=0&trk=public_jobs_jserp-result_search-card,Software Engineer,SkillSanta,11 hours ago,India
https://in.linkedin.com/jobs/view/software-engineer-web-at-saltside-2643955988?refId=YOPTyurJ%2FruG4HANAuKNzQ%3D%3D&trackingId=MvYxcufe2kCQoH74lQZ4hA%3D%3D&position=5&pageNum=0&trk=public_jobs_jserp-result_search-card,Software Engineer Web,Saltside,13 hours ago,India
https://in.linkedin.com/jobs/view/software-engineer-at-ge-healthcare-2652337426?refId=YOPTyurJ%2FruG4HANAuKNzQ%3D%3D&trackingId=U5txuW%2FEnJgYhaQgkA4c9g%3D%3D&position=6&pageNum=0&trk=public_jobs_jserp-result_search-card,Software Engineer,GE Healthcare,1 day ago,"Bengaluru, Karnataka, India"
https://in.linkedin.com/jobs/view/software-development-engineer-career-relaunch-%21%21-at-oracle-2640358254?refId=YOPTyurJ%2FruG4HANAuKNzQ%3D%3D&trackingId=%2FCDTvpZZtKviJkrli89bbw%3D%3D&position=7&pageNum=0&trk=public_jobs_jserp-result_search-card,Software Development Engineer- Career Relaunch !!,Oracle,3 days ago,"Bangalore Urban, Karnataka, India"
https://in.linkedin.com/jobs/view/junior-software-engineer-at-anuta-networks-2643724985?refId=YOPTyurJ%2FruG4HANAuKNzQ%3D%3D&trackingId=2WtdVGaJSdXewGo8EZLnhA%3D%3D&position=8&pageNum=0&trk=public_jobs_jserp-result_search-card,Junior Software Engineer,Anuta Networks,3 days ago,"Bengaluru, Karnataka, India"
https://in.linkedin.com/jobs/view/junior-senior-software-engineer-at-propine-2644406997?refId=YOPTyurJ%2FruG4HANAuKNzQ%3D%3D&trackingId=HyKAU6kyU5BpFgtVxkt%2FBw%3D%3D&position=9&pageNum=0&trk=public_jobs_jserp-result_search-card,Junior/Senior Software Engineer,Propine,2 hours ago,India
https://in.linkedin.com/jobs/view/software-development-engineer-social-at-hotstar-2642092748?refId=YOPTyurJ%2FruG4HANAuKNzQ%3D%3D&trackingId=Q3Tq6J5JWeKLiz9CACA6xQ%3D%3D&position=10&pageNum=0&trk=public_jobs_jserp-result_search-card,Software Development Engineer - Social,Hotstar,1 day ago,"Bengaluru, Karnataka, India"
https://in.linkedin.com/jobs/view/software-engineer-at-phonepe-2635387277?refId=YOPTyurJ%2FruG4HANAuKNzQ%3D%3D&trackingId=4Gv43%2BPlmxQbaaWsewLLzQ%3D%3D&position=11&pageNum=0&trk=public_jobs_jserp-result_search-card,Software Engineer,PhonePe,3 weeks ago,"Pune, Maharashtra, India"
https://in.linkedin.com/jobs/view/software-engineer-at-siemens-technology-india-2640358536?refId=YOPTyurJ%2FruG4HANAuKNzQ%3D%3D&trackingId=JIrLCwIatZa%2BIUSYiJsbfg%3D%3D&position=12&pageNum=0&trk=public_jobs_jserp-result_search-card,Software Engineer,Siemens Technology India,3 days ago,"Pune, Maharashtra, India"
https://in.linkedin.com/jobs/view/software-engineer-at-thomson-reuters-2653076953?refId=YOPTyurJ%2FruG4HANAuKNzQ%3D%3D&trackingId=SELjhASjPNdgJd22ieEg%2BA%3D%3D&position=13&pageNum=0&trk=public_jobs_jserp-result_search-card,Software Engineer,Thomson Reuters,13 hours ago,"Bengaluru, Karnataka, India"
https://in.linkedin.com/jobs/view/software-engineer-recent-grad-india-at-egnyte-2517034701?refId=YOPTyurJ%2FruG4HANAuKNzQ%3D%3D&trackingId=zz0xw54XNXTqSM%2B5ZlEw4g%3D%3D&position=14&pageNum=0&trk=public_jobs_jserp-result_search-card,Software Engineer - Recent Grad [India],Egnyte,1 week ago,"Mumbai, Maharashtra, India"
https://in.linkedin.com/jobs/view/software-engineer-i-backend-at-dunzo-2645089180?refId=YOPTyurJ%2FruG4HANAuKNzQ%3D%3D&trackingId=cstMGAj52VB%2Ba9qG9NLDyQ%3D%3D&position=15&pageNum=0&trk=public_jobs_jserp-result_search-card,Software Engineer I - Backend,Dunzo,1 month ago,"Bengaluru, Karnataka, India"
https://in.linkedin.com/jobs/view/software-engineer-at-udaan-com-2539641277?refId=YOPTyurJ%2FruG4HANAuKNzQ%3D%3D&trackingId=vyoTMEP0zECwemgd%2FavWwg%3D%3D&position=16&pageNum=0&trk=public_jobs_jserp-result_search-card,Software Engineer,udaan.com,5 days ago,India
https://in.linkedin.com/jobs/view/software-engineer-back-end-at-google-2643973424?refId=YOPTyurJ%2FruG4HANAuKNzQ%3D%3D&trackingId=6axdCZSasvElVA09cEzq%2FA%3D%3D&position=17&pageNum=0&trk=public_jobs_jserp-result_search-card,"Software Engineer, Back End",Google,10 hours ago,"Hyderabad, Telangana, India"
https://in.linkedin.com/jobs/view/software-engineer-at-scientific-games-2653135545?refId=Dq6XKtk6vwV6OPLcCMdAhA%3D%3D&trackingId=%2BSyH7xmjhTM28Q6L0icWfg%3D%3D&position=1&pageNum=0&trk=public_jobs_jserp-result_search-card,Software Engineer,Scientific Games,11 hours ago,"Bengaluru, Karnataka, India"
https://in.linkedin.com/jobs/view/software-engineer-i-at-philips-2644401287?refId=Dq6XKtk6vwV6OPLcCMdAhA%3D%3D&trackingId=Zmhe6z1NvOhAk8ujBjJwpg%3D%3D&position=2&pageNum=0&trk=public_jobs_jserp-result_search-card,Software Engineer - I,Philips,4 hours ago,"Bengaluru, Karnataka, India"
https://in.linkedin.com/jobs/view/software-engineer-at-linkedin-2644507695?refId=Dq6XKtk6vwV6OPLcCMdAhA%3D%3D&trackingId=Z0GT8INg29uX2NtpefF1Bw%3D%3D&position=3&pageNum=0&trk=public_jobs_jserp-result_search-card,Software Engineer,LinkedIn,2 days ago,"Bengaluru, Karnataka, India"
https://in.linkedin.com/jobs/view/software-engineer-at-skillsanta-2643969636?refId=Dq6XKtk6vwV6OPLcCMdAhA%3D%3D&trackingId=ZM%2BBpZqdyg9LVM1YQXLWGQ%3D%3D&position=4&pageNum=0&trk=public_jobs_jserp-result_search-card,Software Engineer,SkillSanta,11 hours ago,India
https://in.linkedin.com/jobs/view/software-engineer-web-at-saltside-2643955988?refId=Dq6XKtk6vwV6OPLcCMdAhA%3D%3D&trackingId=5SYZ167GVj4A%2BFc7YH0RoA%3D%3D&position=5&pageNum=0&trk=public_jobs_jserp-result_search-card,Software Engineer Web,Saltside,13 hours ago,India
https://in.linkedin.com/jobs/view/software-engineer-at-ge-healthcare-2652337426?refId=Dq6XKtk6vwV6OPLcCMdAhA%3D%3D&trackingId=iWSdXXOQNhL%2FbzN3YKyUFA%3D%3D&position=6&pageNum=0&trk=public_jobs_jserp-result_search-card,Software Engineer,GE Healthcare,1 day ago,"Bengaluru, Karnataka, India"
https://in.linkedin.com/jobs/view/software-development-engineer-career-relaunch-%21%21-at-oracle-2640358254?refId=Dq6XKtk6vwV6OPLcCMdAhA%3D%3D&trackingId=8HcpTfxv43mLbCUmIpV5oA%3D%3D&position=7&pageNum=0&trk=public_jobs_jserp-result_search-card,Software Development Engineer- Career Relaunch !!,Oracle,3 days ago,"Bangalore Urban, Karnataka, India"
https://in.linkedin.com/jobs/view/junior-software-engineer-at-anuta-networks-2643724985?refId=Dq6XKtk6vwV6OPLcCMdAhA%3D%3D&trackingId=o80fUsHeH65PMBfLseYz7w%3D%3D&position=8&pageNum=0&trk=public_jobs_jserp-result_search-card,Junior Software Engineer,Anuta Networks,3 days ago,"Bengaluru, Karnataka, India"
https://in.linkedin.com/jobs/view/junior-senior-software-engineer-at-propine-2644406997?refId=Dq6XKtk6vwV6OPLcCMdAhA%3D%3D&trackingId=CgnB1aFQaduIeOJ4LpTP%2Bw%3D%3D&position=9&pageNum=0&trk=public_jobs_jserp-result_search-card,Junior/Senior Software Engineer,Propine,2 hours ago,India
https://in.linkedin.com/jobs/view/software-development-engineer-social-at-hotstar-2642092748?refId=Dq6XKtk6vwV6OPLcCMdAhA%3D%3D&trackingId=9j%2FqdwjcNSsxi1Zzda8elg%3D%3D&position=10&pageNum=0&trk=public_jobs_jserp-result_search-card,Software Development Engineer - Social,Hotstar,1 day ago,"Bengaluru, Karnataka, India"
https://in.linkedin.com/jobs/view/software-engineer-at-phonepe-2635387277?refId=Dq6XKtk6vwV6OPLcCMdAhA%3D%3D&trackingId=C1NSH%2BlRckkl8jYDHCcgvA%3D%3D&position=11&pageNum=0&trk=public_jobs_jserp-result_search-card,Software Engineer,PhonePe,3 weeks ago,"Pune, Maharashtra, India"
https://in.linkedin.com/jobs/view/software-engineer-at-siemens-technology-india-2640358536?refId=Dq6XKtk6vwV6OPLcCMdAhA%3D%3D&trackingId=9HtIVn2HfP9%2FyZRROq49oQ%3D%3D&position=12&pageNum=0&trk=public_jobs_jserp-result_search-card,Software Engineer,Siemens Technology India,3 days ago,"Pune, Maharashtra, India"
https://in.linkedin.com/jobs/view/software-engineer-at-thomson-reuters-2653076953?refId=Dq6XKtk6vwV6OPLcCMdAhA%3D%3D&trackingId=4StLYwQFCMZK%2F4cpoGpI5g%3D%3D&position=13&pageNum=0&trk=public_jobs_jserp-result_search-card,Software Engineer,Thomson Reuters,13 hours ago,"Bengaluru, Karnataka, India"
https://in.linkedin.com/jobs/view/software-engineer-recent-grad-india-at-egnyte-2517034701?refId=Dq6XKtk6vwV6OPLcCMdAhA%3D%3D&trackingId=U54%2BwsYFTXA%2FKes2Mo8mHQ%3D%3D&position=14&pageNum=0&trk=public_jobs_jserp-result_search-card,Software Engineer - Recent Grad [India],Egnyte,1 week ago,"Mumbai, Maharashtra, India"
https://in.linkedin.com/jobs/view/software-engineer-i-backend-at-dunzo-2645089180?refId=Dq6XKtk6vwV6OPLcCMdAhA%3D%3D&trackingId=f3ua4ypRJYNfTqpn81uAJg%3D%3D&position=15&pageNum=0&trk=public_jobs_jserp-result_search-card,Software Engineer I - Backend,Dunzo,1 month ago,"Bengaluru, Karnataka, India"
https://in.linkedin.com/jobs/view/software-engineer-at-udaan-com-2539641277?refId=Dq6XKtk6vwV6OPLcCMdAhA%3D%3D&trackingId=2QhgQIjsynWRqhfdk4VCfw%3D%3D&position=16&pageNum=0&trk=public_jobs_jserp-result_search-card,Software Engineer,udaan.com,5 days ago,India
https://in.linkedin.com/jobs/view/software-engineer-back-end-at-google-2643973424?refId=Dq6XKtk6vwV6OPLcCMdAhA%3D%3D&trackingId=cRb3bQ5UjMezofWtywS3Jg%3D%3D&position=17&pageNum=0&trk=public_jobs_jserp-result_search-card,"Software Engineer, Back End",Google,10 hours ago,"Hyderabad, Telangana, India"
https://in.linkedin.com/jobs/view/software-engineer-i-at-philips-2644401287?refId=tYqtaI5Utl1EJhDWnR0fGw%3D%3D&trackingId=QhWt7%2BpUtIyLWu2iszl8jQ%3D%3D&position=1&pageNum=0&trk=public_jobs_jserp-result_search-card,Software Engineer - I,Philips,4 hours ago,"Bengaluru, Karnataka, India"
https://in.linkedin.com/jobs/view/software-engineer-at-skillsanta-2643969636?refId=tYqtaI5Utl1EJhDWnR0fGw%3D%3D&trackingId=QXuDH88P2DL%2FBXe75mjZ5Q%3D%3D&position=2&pageNum=0&trk=public_jobs_jserp-result_search-card,Software Engineer,SkillSanta,11 hours ago,India
https://in.linkedin.com/jobs/view/software-engineer-fresh-graduate-at-dlux-tech-2652880709?refId=tYqtaI5Utl1EJhDWnR0fGw%3D%3D&trackingId=0k5At7YFsoX5lVAif2Ktcg%3D%3D&position=3&pageNum=0&trk=public_jobs_jserp-result_search-card,Software Engineer (Fresh Graduate),DLUX TECH ,16 hours ago,"Coimbatore North, Tamil Nadu, India"
https://in.linkedin.com/jobs/view/software-engineer-at-linkedin-2644507695?refId=tYqtaI5Utl1EJhDWnR0fGw%3D%3D&trackingId=xU3JEYitjwFMJFkJOfzk1w%3D%3D&position=4&pageNum=0&trk=public_jobs_jserp-result_search-card,Software Engineer,LinkedIn,2 days ago,"Bengaluru, Karnataka, India"
https://in.linkedin.com/jobs/view/software-engineer-i-at-honeywell-2646594364?refId=tYqtaI5Utl1EJhDWnR0fGw%3D%3D&trackingId=1iGUVGdQ0XTth80kPR1pDg%3D%3D&position=5&pageNum=0&trk=public_jobs_jserp-result_search-card,Software Engineer I,Honeywell,2 days ago,"Bengaluru, Karnataka, India"
https://in.linkedin.com/jobs/view/software-engineer-at-ge-healthcare-2652337426?refId=tYqtaI5Utl1EJhDWnR0fGw%3D%3D&trackingId=VEO2RbLsov0sk6FL0zyXzg%3D%3D&position=6&pageNum=0&trk=public_jobs_jserp-result_search-card,Software Engineer,GE Healthcare,1 day ago,"Bengaluru, Karnataka, India"
https://in.linkedin.com/jobs/view/software-development-engineer-entry-level-at-aither-technology-2646025550?refId=tYqtaI5Utl1EJhDWnR0fGw%3D%3D&trackingId=oKqD0w8qN9mo5s7kC8INxg%3D%3D&position=7&pageNum=0&trk=public_jobs_jserp-result_search-card,Software Development Engineer - Entry Level,Aither Technology,5 days ago,"Bengaluru, Karnataka, India"
https://in.linkedin.com/jobs/view/software-engineer-at-udaan-com-2539641277?refId=tYqtaI5Utl1EJhDWnR0fGw%3D%3D&trackingId=hNu3H5e3YX5%2BZt2fyQhGYw%3D%3D&position=8&pageNum=0&trk=public_jobs_jserp-result_search-card,Software Engineer,udaan.com,5 days ago,India
https://in.linkedin.com/jobs/view/software-engineer-web-at-saltside-2643955988?refId=tYqtaI5Utl1EJhDWnR0fGw%3D%3D&trackingId=Mn3UlrbPqu2fyBur6Zmx6A%3D%3D&position=9&pageNum=0&trk=public_jobs_jserp-result_search-card,Software Engineer Web,Saltside,13 hours ago,India
https://in.linkedin.com/jobs/view/junior-software-engineer-at-anuta-networks-2641377322?refId=tYqtaI5Utl1EJhDWnR0fGw%3D%3D&trackingId=RoSfNrYZgdHd5UMLiZgndg%3D%3D&position=10&pageNum=0&trk=public_jobs_jserp-result_search-card,Junior Software Engineer,Anuta Networks,4 days ago,"Bengaluru, Karnataka, India"
https://in.linkedin.com/jobs/view/software-development-engineer-career-relaunch-%21%21-at-oracle-2640358254?refId=tYqtaI5Utl1EJhDWnR0fGw%3D%3D&trackingId=u%2BT7AAhmQcYfoNN1ji9aeA%3D%3D&position=11&pageNum=0&trk=public_jobs_jserp-result_search-card,Software Development Engineer- Career Relaunch !!,Oracle,3 days ago,"Bangalore Urban, Karnataka, India"
https://in.linkedin.com/jobs/view/software-engineer-at-cloudera-2652571671?refId=tYqtaI5Utl1EJhDWnR0fGw%3D%3D&trackingId=UfMs8hg93L%2Fdy%2FeH97ASIg%3D%3D&position=12&pageNum=0&trk=public_jobs_jserp-result_search-card,Software Engineer,Cloudera,1 day ago,"Bengaluru, Karnataka, India"
https://in.linkedin.com/jobs/view/software-engineer-at-wipro-limited-2643994507?refId=tYqtaI5Utl1EJhDWnR0fGw%3D%3D&trackingId=Osbq1WF5PiBJQixMonm%2Bkw%3D%3D&position=13&pageNum=0&trk=public_jobs_jserp-result_search-card,Software Engineer,Wipro Limited,5 hours ago,"Bengaluru, Karnataka, India"
https://in.linkedin.com/jobs/view/software-engineer-at-superset-2642720568?refId=tYqtaI5Utl1EJhDWnR0fGw%3D%3D&trackingId=0AzBISp1p3GXek%2Fg9m71Jw%3D%3D&position=14&pageNum=0&trk=public_jobs_jserp-result_search-card,Software Engineer,Superset,1 day ago,"Bangalore Urban, Karnataka, India"
https://in.linkedin.com/jobs/view/junior-senior-software-engineer-at-propine-2644406997?refId=tYqtaI5Utl1EJhDWnR0fGw%3D%3D&trackingId=dHj33gU0kmAMKxXKPKS92Q%3D%3D&position=15&pageNum=0&trk=public_jobs_jserp-result_search-card,Junior/Senior Software Engineer,Propine,2 hours ago,India
https://in.linkedin.com/jobs/view/software-engineer-python-at-trading-technologies-2642073453?refId=tYqtaI5Utl1EJhDWnR0fGw%3D%3D&trackingId=xqHvCrxovMz3Zb0B%2FhNnUA%3D%3D&position=16&pageNum=0&trk=public_jobs_jserp-result_search-card,Software Engineer (Python),Trading Technologies,2 days ago,"Pune, Maharashtra, India"
https://in.linkedin.com/jobs/view/software-engineer-at-compass-2634686962?refId=tYqtaI5Utl1EJhDWnR0fGw%3D%3D&trackingId=7FYbCEFBXi8zbdy60jyCoA%3D%3D&position=17&pageNum=0&trk=public_jobs_jserp-result_search-card,Software Engineer,Compass,3 weeks ago,"Hyderabad, Telangana, India"
https://in.linkedin.com/jobs/view/software-engineer-i-at-philips-2644401287?refId=qa23XtHB0X6MAKy%2B98JMVg%3D%3D&trackingId=dYLT6ItI0ITmSXqGOrTByA%3D%3D&position=1&pageNum=0&trk=public_jobs_jserp-result_search-card,Software Engineer - I,Philips,4 hours ago,"Bengaluru, Karnataka, India"
https://in.linkedin.com/jobs/view/software-engineer-at-skillsanta-2643969636?refId=qa23XtHB0X6MAKy%2B98JMVg%3D%3D&trackingId=W8NvWWWKsPSurXYwnT4o%2Fg%3D%3D&position=2&pageNum=0&trk=public_jobs_jserp-result_search-card,Software Engineer,SkillSanta,11 hours ago,India
https://in.linkedin.com/jobs/view/software-engineer-fresh-graduate-at-dlux-tech-2652880709?refId=qa23XtHB0X6MAKy%2B98JMVg%3D%3D&trackingId=EnlKFJqxP0Mn%2Byique70ng%3D%3D&position=3&pageNum=0&trk=public_jobs_jserp-result_search-card,Software Engineer (Fresh Graduate),DLUX TECH ,16 hours ago,"Coimbatore North, Tamil Nadu, India"
https://in.linkedin.com/jobs/view/software-engineer-at-linkedin-2644507695?refId=qa23XtHB0X6MAKy%2B98JMVg%3D%3D&trackingId=m%2B0uMqo9RuLkUqDXvEvF9w%3D%3D&position=4&pageNum=0&trk=public_jobs_jserp-result_search-card,Software Engineer,LinkedIn,2 days ago,"Bengaluru, Karnataka, India"
https://in.linkedin.com/jobs/view/software-engineer-i-at-honeywell-2646594364?refId=qa23XtHB0X6MAKy%2B98JMVg%3D%3D&trackingId=VwwFZdiZUj9ZV%2F3uSSuSpg%3D%3D&position=5&pageNum=0&trk=public_jobs_jserp-result_search-card,Software Engineer I,Honeywell,2 days ago,"Bengaluru, Karnataka, India"
https://in.linkedin.com/jobs/view/software-engineer-at-ge-healthcare-2652337426?refId=qa23XtHB0X6MAKy%2B98JMVg%3D%3D&trackingId=LO0TeLwUQWzQ0YbReqUnJg%3D%3D&position=6&pageNum=0&trk=public_jobs_jserp-result_search-card,Software Engineer,GE Healthcare,1 day ago,"Bengaluru, Karnataka, India"
https://in.linkedin.com/jobs/view/software-development-engineer-entry-level-at-aither-technology-2646025550?refId=qa23XtHB0X6MAKy%2B98JMVg%3D%3D&trackingId=bBjHdfxkVBjufWsLh3mMkQ%3D%3D&position=7&pageNum=0&trk=public_jobs_jserp-result_search-card,Software Development Engineer - Entry Level,Aither Technology,5 days ago,"Bengaluru, Karnataka, India"
https://in.linkedin.com/jobs/view/software-engineer-at-udaan-com-2539641277?refId=qa23XtHB0X6MAKy%2B98JMVg%3D%3D&trackingId=NzMKiTaqArDQrNA8nfBDDA%3D%3D&position=8&pageNum=0&trk=public_jobs_jserp-result_search-card,Software Engineer,udaan.com,5 days ago,India
https://in.linkedin.com/jobs/view/software-engineer-web-at-saltside-2643955988?refId=qa23XtHB0X6MAKy%2B98JMVg%3D%3D&trackingId=lZR4GvKZLmI6sTc%2FquqSrQ%3D%3D&position=9&pageNum=0&trk=public_jobs_jserp-result_search-card,Software Engineer Web,Saltside,13 hours ago,India
https://in.linkedin.com/jobs/view/junior-software-engineer-at-anuta-networks-2641377322?refId=qa23XtHB0X6MAKy%2B98JMVg%3D%3D&trackingId=m5Gbn6%2BDFBhr0TuBBCQT%2Bw%3D%3D&position=10&pageNum=0&trk=public_jobs_jserp-result_search-card,Junior Software Engineer,Anuta Networks,4 days ago,"Bengaluru, Karnataka, India"
https://in.linkedin.com/jobs/view/software-development-engineer-career-relaunch-%21%21-at-oracle-2640358254?refId=qa23XtHB0X6MAKy%2B98JMVg%3D%3D&trackingId=WXDbYd0p40EDNdzWDGZ7yQ%3D%3D&position=11&pageNum=0&trk=public_jobs_jserp-result_search-card,Software Development Engineer- Career Relaunch !!,Oracle,3 days ago,"Bangalore Urban, Karnataka, India"
https://in.linkedin.com/jobs/view/software-engineer-at-cloudera-2652571671?refId=qa23XtHB0X6MAKy%2B98JMVg%3D%3D&trackingId=lJ%2Fe87EXbRUeX5%2B2rxjR0w%3D%3D&position=12&pageNum=0&trk=public_jobs_jserp-result_search-card,Software Engineer,Cloudera,1 day ago,"Bengaluru, Karnataka, India"
https://in.linkedin.com/jobs/view/software-engineer-at-wipro-limited-2643994507?refId=qa23XtHB0X6MAKy%2B98JMVg%3D%3D&trackingId=Iav1fcm3rfZQh%2BkZR9Oo2Q%3D%3D&position=13&pageNum=0&trk=public_jobs_jserp-result_search-card,Software Engineer,Wipro Limited,5 hours ago,"Bengaluru, Karnataka, India"
https://in.linkedin.com/jobs/view/software-engineer-at-superset-2642720568?refId=qa23XtHB0X6MAKy%2B98JMVg%3D%3D&trackingId=ZifJY9jkux6JpL3hAZbKMg%3D%3D&position=14&pageNum=0&trk=public_jobs_jserp-result_search-card,Software Engineer,Superset,1 day ago,"Bangalore Urban, Karnataka, India"
https://in.linkedin.com/jobs/view/junior-senior-software-engineer-at-propine-2644406997?refId=qa23XtHB0X6MAKy%2B98JMVg%3D%3D&trackingId=Hs0HWgesRDDZrXRVdcjoNg%3D%3D&position=15&pageNum=0&trk=public_jobs_jserp-result_search-card,Junior/Senior Software Engineer,Propine,2 hours ago,India
https://in.linkedin.com/jobs/view/software-engineer-python-at-trading-technologies-2642073453?refId=qa23XtHB0X6MAKy%2B98JMVg%3D%3D&trackingId=pO5yBvdZn%2B%2FG6fUS5CGbZQ%3D%3D&position=16&pageNum=0&trk=public_jobs_jserp-result_search-card,Software Engineer (Python),Trading Technologies,2 days ago,"Pune, Maharashtra, India"
https://in.linkedin.com/jobs/view/software-engineer-at-compass-2634686962?refId=qa23XtHB0X6MAKy%2B98JMVg%3D%3D&trackingId=3KwJdacUQuTvtY8vw7gGog%3D%3D&position=17&pageNum=0&trk=public_jobs_jserp-result_search-card,Software Engineer,Compass,3 weeks ago,"Hyderabad, Telangana, India"
